{"cameraMode":{"drawMode":0,"name":"Shaded","section":"Shading Mode"},"sceneLighting":true,"audioPlay":false,"sceneViewState":{"m_AlwaysRefresh":false,"showFog":true,"showSkybox":true,"showFlares":true,"showImageEffects":true,"showParticleSystems":true,"showVisualEffectGraphs":true,"m_FxEnabled":true},"in2DMode":false,"pivot":{"x":-2.331693172454834,"y":-4.718639373779297,"z":22.448942184448243},"rotation":{"x":0.014391662552952767,"y":-0.02849314920604229,"z":0.0004102773091290146,"w":0.9994903206825256},"size":16.376602172851564,"orthographic":false}