{"cameraMode":{"drawMode":0,"name":"Shaded","section":"Shading Mode"},"sceneLighting":false,"audioPlay":false,"sceneViewState":{"m_AlwaysRefresh":false,"showFog":true,"showSkybox":false,"showFlares":true,"showImageEffects":true,"showParticleSystems":true,"showVisualEffectGraphs":true,"m_FxEnabled":true},"in2DMode":false,"pivot":{"x":1.619732141494751,"y":0.5743788480758667,"z":3.583399772644043},"rotation":{"x":-0.21019622683525086,"y":0.020795956254005433,"z":-0.004440600983798504,"w":-0.9774988293647766},"size":5.377821922302246,"orthographic":false}