{"cameraMode":{"drawMode":0,"name":"Shaded","section":"Shading Mode"},"sceneLighting":false,"audioPlay":false,"sceneViewState":{"m_AlwaysRefresh":false,"showFog":true,"showSkybox":false,"showFlares":true,"showImageEffects":true,"showParticleSystems":true,"showVisualEffectGraphs":true,"m_FxEnabled":true},"in2DMode":false,"pivot":{"x":-1.5699999332427979,"y":-0.7699999809265137,"z":0.05900023877620697},"rotation":{"x":-0.08569779992103577,"y":0.01670612394809723,"z":-0.0014064748538658023,"w":-0.9962486624717712},"size":0.2905077636241913,"orthographic":false}