{"cameraMode":{"drawMode":0,"name":"Shaded","section":"Shading Mode"},"sceneLighting":false,"audioPlay":false,"sceneViewState":{"m_AlwaysRefresh":false,"showFog":true,"showSkybox":false,"showFlares":true,"showImageEffects":true,"showParticleSystems":true,"showVisualEffectGraphs":true,"m_FxEnabled":true},"in2DMode":false,"pivot":{"x":0.054535627365112308,"y":3.5238795280456545,"z":-0.000006556510925292969},"rotation":{"x":-0.15540771186351777,"y":-0.779928982257843,"z":0.2136087715625763,"w":-0.5675370693206787},"size":3.0158324241638185,"orthographic":false}